{"v":"4.7.1","fr":24,"ip":0,"op":25,"w":550,"h":6,"nm":"进度条","ddd":0,"assets":[{"id":"image_0","w":600,"h":50,"u":"images/","p":"toum.png"}],"layers":[{"ddd":0,"ind":1,"ty":4,"nm":"“进度条”轮廓 3","td":1,"ks":{"o":{"a":0,"k":100},"r":{"a":0,"k":0},"p":{"a":0,"k":[275,-193.5,0]},"a":{"a":0,"k":[275,199,0]},"s":{"a":0,"k":[100,100,100]}},"ao":0,"shapes":[{"ty":"gr","it":[{"ind":0,"ty":"sh","ix":1,"ks":{"a":0,"k":{"i":[[0,0],[-2.209,0],[0,0],[0,2.209],[0,0],[0,0]],"o":[[0,2.209],[0,0],[2.209,0],[0,0],[0,0],[0,0]],"v":[[-275,0],[-271,4],[271,4],[275,0],[275,-4],[-275,-4]],"c":true}},"nm":"路径 1","mn":"ADBE Vector Shape - Group"},{"ty":"fl","c":{"a":0,"k":[1,0,0.38,1]},"o":{"a":0,"k":100},"r":1,"nm":"填充 1","mn":"ADBE Vector Graphic - Fill"},{"ty":"tr","p":{"a":0,"k":[275,394],"ix":2},"a":{"a":0,"k":[0,0],"ix":1},"s":{"a":0,"k":[100,100],"ix":3},"r":{"a":0,"k":0,"ix":6},"o":{"a":0,"k":100,"ix":7},"sk":{"a":0,"k":0,"ix":4},"sa":{"a":0,"k":0,"ix":5},"nm":"变换"}],"nm":"组 1","np":2,"cix":2,"ix":1,"mn":"ADBE Vector Group"}],"ip":0,"op":25,"st":0,"bm":0,"sr":1},{"ddd":0,"ind":2,"ty":2,"nm":"toum.png","cl":"png","tt":1,"refId":"image_0","ks":{"o":{"a":0,"k":100},"r":{"a":0,"k":0},"p":{"a":1,"k":[{"i":{"x":0.833,"y":0.833},"o":{"x":0.167,"y":0.167},"n":"0p833_0p833_0p167_0p167","t":0,"s":[-285,-11.5,0],"e":[831,-11.5,0],"to":[186,0,0],"ti":[-186,0,0]},{"t":25}]},"a":{"a":0,"k":[300,25,0]},"s":{"a":0,"k":[-93,100,100]}},"ao":0,"ip":0,"op":25,"st":0,"bm":0,"sr":1},{"ddd":0,"ind":3,"ty":4,"nm":"“进度条”轮廓 2","ks":{"o":{"a":0,"k":100},"r":{"a":0,"k":0},"p":{"a":0,"k":[275,-193.5,0]},"a":{"a":0,"k":[275,199,0]},"s":{"a":0,"k":[100,100,100]}},"ao":0,"shapes":[{"ty":"gr","it":[{"ind":0,"ty":"sh","ix":1,"ks":{"a":0,"k":{"i":[[0,0],[-2.209,0],[0,0],[0,2.209],[0,0],[0,0]],"o":[[0,2.209],[0,0],[2.209,0],[0,0],[0,0],[0,0]],"v":[[-275,0],[-271,4],[271,4],[275,0],[275,-4],[-275,-4]],"c":true}},"nm":"路径 1","mn":"ADBE Vector Shape - Group"},{"ty":"fl","c":{"a":0,"k":[1,0,0.38,1]},"o":{"a":0,"k":100},"r":1,"nm":"填充 1","mn":"ADBE Vector Graphic - Fill"},{"ty":"tr","p":{"a":0,"k":[275,394],"ix":2},"a":{"a":0,"k":[0,0],"ix":1},"s":{"a":0,"k":[100,100],"ix":3},"r":{"a":0,"k":0,"ix":6},"o":{"a":0,"k":100,"ix":7},"sk":{"a":0,"k":0,"ix":4},"sa":{"a":0,"k":0,"ix":5},"nm":"变换"}],"nm":"组 1","np":2,"cix":2,"ix":1,"mn":"ADBE Vector Group"}],"ip":0,"op":25,"st":0,"bm":0,"sr":1}]}